State,sat_participation_2017,sat_ewr_2017,sat_math_2017,sat_total_2017,act_participation_2017,act_english_2017,act_math_2017,act_reading_2017,act_science_2017,act_composite_2017,sat_participation_2018,sat_erw_2018,sat_math_2018,sat_total_2018,act_participation_2018,act_composite_2018,act_english_2018,act_math_2018,act_reading_2018,act_science_2018
Alabama,5.0,593,572,1165,100.0,18.9,18.4,19.7,19.4,19.2,6.0,595.0,571.0,1166.0,100.0,19.1,18.9,18.3,19.6,19.0
Alaska,38.0,547,533,1080,65.0,18.7,19.8,20.4,19.9,19.8,43.0,562.0,544.0,1106.0,33.0,20.8,19.8,20.6,21.6,20.7
Arizona,30.0,563,553,1116,62.0,18.6,19.8,20.1,19.8,19.7,29.0,577.0,572.0,1149.0,66.0,19.2,18.2,19.4,19.5,19.2
Arkansas,3.0,614,594,1208,100.0,18.9,19.0,19.7,19.5,19.4,5.0,592.0,576.0,1169.0,100.0,19.4,19.1,18.9,19.7,19.4
California,53.0,531,524,1055,31.0,22.5,22.7,23.1,22.2,22.8,60.0,540.0,536.0,1076.0,27.0,22.7,22.5,22.5,23.0,22.1
Colorado,11.0,606,595,1201,100.0,20.1,20.3,21.2,20.9,20.8,100.0,519.0,506.0,1025.0,30.0,23.9,23.9,23.2,24.4,23.5
Connecticut,100.0,530,512,1041,31.0,25.5,24.6,25.6,24.6,25.2,100.0,535.0,519.0,1053.0,26.0,25.6,26.0,24.8,26.1,24.9
Delaware,100.0,503,492,996,18.0,24.1,23.4,24.8,23.6,24.1,100.0,505.0,492.0,998.0,17.0,23.2,23.7,23.1,24.5,23.4
District of Columbia,100.0,482,468,950,32.0,24.4,23.5,24.9,23.5,24.2,92.0,497.0,480.0,977.0,32.0,23.6,23.7,22.7,24.4,23.0
Florida,83.0,520,497,1017,73.0,19.0,19.4,21.0,19.4,19.8,97.0,522.0,493.0,1014.0,66.0,19.9,19.2,19.3,21.1,19.5
Georgia,61.0,535,515,1050,55.0,21.0,20.9,22.0,21.3,21.4,70.0,542.0,522.0,1064.0,53.0,21.4,20.9,20.7,21.2,21.4
Hawaii,55.0,544,541,1085,90.0,17.8,19.2,19.2,19.3,19.0,56.0,550.0,549.0,1099.0,89.0,18.9,18.2,19.0,19.1,19.0
Idaho,93.0,513,493,1005,38.0,21.9,21.8,23.0,22.1,22.3,100.0,508.0,493.0,1001.0,36.0,22.3,21.9,21.6,23.2,22.1
Illinois,9.0,559,556,1115,93.0,21.0,21.2,21.6,21.3,21.4,99.0,513.0,506.0,1019.0,43.0,23.9,24.1,23.4,24.2,23.4
Indiana,63.0,542,532,1074,35.0,22.0,22.4,23.2,22.3,22.6,67.0,546.0,539.0,1086.0,32.0,22.5,21.9,22.3,23.1,22.2
Iowa,2.0,641,635,1275,67.0,21.2,21.3,22.6,22.1,21.9,3.0,634.0,632.0,1265.0,68.0,21.8,21.0,21.2,22.5,22.0
Kansas,4.0,632,628,1260,73.0,21.1,21.3,22.3,21.7,21.7,4.0,633.0,631.0,1265.0,71.0,21.6,21.0,21.1,22.3,21.5
Kentucky,4.0,631,616,1247,100.0,19.6,19.4,20.5,20.1,20.0,4.0,630.0,618.0,1248.0,100.0,20.2,19.9,19.7,20.8,20.1
Louisiana,4.0,611,586,1198,100.0,19.4,18.8,19.8,19.6,19.5,4.0,615.0,595.0,1210.0,100.0,19.2,19.0,18.5,19.6,19.1
Maine,95.0,513,499,1012,8.0,24.2,24.0,24.8,23.7,24.3,99.0,512.0,501.0,1013.0,7.0,24.0,23.8,23.6,24.7,23.4
Maryland,69.0,536,52,1060,28.0,23.3,23.1,24.2,2.3,23.6,76.0,545.0,535.0,1080.0,31.0,22.5,22.1,22.0,23.1,22.2
Massachusetts,76.0,555,551,1107,29.0,25.4,25.3,25.9,24.7,25.4,80.0,562.0,563.0,1125.0,25.0,25.5,25.5,25.2,25.9,24.7
Michigan,100.0,509,495,1005,29.0,24.1,23.7,24.5,23.8,24.1,100.0,511.0,499.0,1011.0,22.0,24.4,24.5,23.9,24.7,23.9
Minnesota,3.0,644,651,1295,100.0,20.4,21.5,21.8,21.6,21.5,4.0,643.0,655.0,1298.0,99.0,21.3,20.2,21.4,21.7,21.4
Mississippi,2.0,634,607,1242,100.0,18.2,18.1,18.8,18.8,18.6,3.0,630.0,606.0,1236.0,100.0,18.6,18.2,18.1,18.9,18.6
Missouri,3.0,640,631,1271,100.0,19.8,19.9,20.8,20.5,20.4,4.0,633.0,629.0,1262.0,100.0,20.0,19.5,19.7,20.5,20.0
Montana,10.0,605,591,1196,100.0,19.0,20.2,21.0,20.5,20.3,10.0,606.0,592.0,1229.0,100.0,20.0,18.7,19.9,20.7,20.0
Nebraska,3.0,629,625,1253,84.0,20.9,20.9,21.9,21.5,21.4,3.0,629.0,623.0,1252.0,100.0,20.1,19.4,19.8,20.4,20.1
Nevada,26.0,563,553,1116,100.0,16.3,18.0,18.1,18.2,17.8,23.0,574.0,566.0,1140.0,100.0,17.7,16.6,17.8,18.0,17.9
New Hampshire,96.0,532,520,1052,18.0,25.4,25.1,26.0,24.9,25.5,96.0,535.0,528.0,1063.0,16.0,25.1,25.1,24.7,25.6,24.4
New Jersey,70.0,530,526,1056,34.0,23.8,23.8,24.1,23.2,23.9,82.0,547.0,547.0,1094.0,31.0,23.7,23.8,23.6,24.0,23.0
New Mexico,11.0,577,561,1138,66.0,18.6,19.4,20.4,20.0,19.7,16.0,552.0,540.0,1093.0,67.0,19.4,18.3,19.1,20.1,19.7
New York,67.0,528,523,1052,31.0,23.8,24.0,24.6,23.9,24.2,79.0,534.0,534.0,1068.0,27.0,24.5,24.2,24.2,24.9,24.2
North Carolina,49.0,546,535,1081,100.0,17.8,19.3,19.6,19.3,19.1,52.0,554.0,543.0,1098.0,100.0,19.1,18.0,19.3,19.5,19.2
North Dakota,2.0,635,621,1256,98.0,19.0,20.4,20.5,20.6,20.3,2.0,640.0,643.0,1283.0,98.0,20.3,19.1,20.3,20.7,20.5
Ohio,12.0,578,570,1149,75.0,21.2,21.6,22.5,22.0,22.0,18.0,552.0,547.0,1099.0,100.0,20.3,19.3,20.3,20.8,20.4
Oklahoma,7.0,530,517,1047,100.0,18.5,18.8,20.1,19.6,19.4,8.0,541.0,521.0,1062.0,100.0,19.3,18.4,18.8,20.1,19.4
Oregon,43.0,560,548,1108,40.0,21.2,21.5,22.4,21.7,21.8,48.0,564.0,553.0,1117.0,42.0,21.3,20.6,20.9,21.9,21.1
Pennsylvania,65.0,540,531,1071,23.0,23.4,23.4,24.2,23.3,23.7,70.0,547.0,539.0,1086.0,20.0,23.5,23.3,23.2,24.0,23.1
Rhode Island,71.0,539,524,1062,21.0,24.0,23.3,24.7,23.4,24.0,97.0,513.0,505.0,1018.0,15.0,24.2,24.4,23.6,25.0,23.5
South Carolina,50.0,543,521,1064,100.0,17.5,18.6,19.1,18.9,18.7,55.0,547.0,523.0,1070.0,100.0,18.3,17.3,18.2,18.6,18.5
South Dakota,3.0,612,603,1216,80.0,20.7,21.5,22.3,22.0,21.8,3.0,622.0,618.0,1241.0,77.0,21.9,20.8,21.6,22.4,22.2
Tennessee,5.0,623,604,1228,100.0,19.5,19.2,20.1,19.9,19.8,6.0,624.0,607.0,1231.0,100.0,19.6,19.4,19.1,19.9,19.6
Texas,62.0,513,507,1020,45.0,19.5,20.7,21.1,20.9,20.7,66.0,520.0,512.0,1032.0,41.0,20.6,19.6,20.6,21.1,20.8
Utah,3.0,624,614,1238,100.0,19.5,19.9,20.8,20.6,20.3,4.0,618.0,612.0,1230.0,100.0,20.4,19.7,19.9,20.9,20.5
Vermont,60.0,562,551,1114,29.0,23.3,23.1,24.4,23.2,23.6,64.0,565.0,554.0,1120.0,24.0,24.1,23.9,23.4,24.9,23.8
Virginia,65.0,561,541,1102,29.0,23.5,23.3,24.6,23.5,23.8,68.0,567.0,550.0,1117.0,24.0,23.9,23.8,23.3,24.7,23.5
Washington,64.0,541,534,1075,29.0,20.9,21.9,22.1,22.0,21.9,69.0,543.0,538.0,1082.0,24.0,22.2,21.4,22.2,22.7,22.0
West Virginia,14.0,558,528,1086,69.0,20.0,19.4,21.2,20.5,20.4,28.0,513.0,486.0,999.0,65.0,20.3,19.8,19.4,21.3,20.4
Wisconsin,3.0,642,649,1291,100.0,19.7,20.4,20.6,20.9,20.5,3.0,641.0,653.0,1294.0,100.0,20.5,19.8,20.3,20.6,20.8
Wyoming,3.0,626,604,1230,100.0,19.4,19.8,20.8,20.6,20.2,3.0,633.0,635.0,1257.0,100.0,20.0,19.0,19.7,20.6,20.3
